прятать,глаз
прятать,лицо
прятать,голова
прятать,рука
прятать,деньги
прятать,время
прятать,раз
прятать,улыбка
прятать,конец
прятать,письмо
прятать,ключ
прятать,книга
прятать,день
прятать,вещь
прятать,нога
прятать,бумага
прятать,бумажка
прятать,хлеб
прятать,человек
прятать,ребенок
прятать,бутылка
прятать,карман
прятать,оружие
прятать,взгляд
прятать,дверь
прятать,платок
прятать,сторона
прятать,часть
прятать,место
прятать,слеза
прятать,нож
прятать,год
прятать,кусок
прятать,земля
прятать,нос
прятать,пистолет
прятать,карта
прятать,усмешка
прятать,книжка
прятать,стол
прятать,колено
прятать,лист
прятать,листок
прятать,комната
прятать,золото
прятать,неделя
прятать,дом
прятать,слово
прятать,минута
прятать,волос
скрывать,время
скрывать,лицо
скрывать,раз
скрывать,день
скрывать,человек
скрывать,правда
скрывать,глаз
скрывать,тайна
скрывать,чувство
скрывать,год
скрывать,имя
скрывать,рука
скрывать,жизнь
скрывать,истина
скрывать,голова
скрывать,мысль
скрывать,место
скрывать,сила
скрывать,слово
скрывать,волнение
скрывать,вопрос
скрывать,сторона
скрывать,дело
скрывать,минута
скрывать,любовь
скрывать,факт
скрывать,письмо
скрывать,улыбка
скрывать,вид
скрывать,недостаток
скрывать,причина
скрывать,завеса
скрывать,раздражение
скрывать,слеза
скрывать,часть
скрывать,след
скрывать,работа
скрывать,досада
скрывать,деньги
скрывать,сердце
скрывать,болезнь
скрывать,история
скрывать,положение
скрывать,отношение
скрывать,впечатление
скрывать,внимание
скрывать,право
скрывать,взгляд
скрывать,случай
скрывать,смущение
утаивать,часть
утаивать,правда
утаивать,истина
утаивать,время
утаивать,вещь
утаивать,раз
утаивать,дыхание
утаивать,жизнь
утаивать,деньги
утаивать,день
утаивать,письмо
беречь,сила
беречь,время
беречь,человек
беречь,деньги
беречь,здоровье
беречь,жизнь
беречь,ребенок
беречь,раз
беречь,голова
беречь,день
беречь,рука
беречь,лес
беречь,слово
беречь,честь
беречь,глаз
беречь,вещь
беречь,копейка
беречь,нога
беречь,добро
беречь,год
беречь,патрон
беречь,лошадь
беречь,земля
беречь,место
беречь,мать
беречь,душа
беречь,письмо
беречь,книга
беречь,рубль
беречь,нерв
беречь,сын
беречь,сердце
беречь,вода
беречь,дом
беречь,дело
беречь,зеница
беречь,имя
беречь,природа
беречь,жена
беречь,голос
беречь,хлеб
беречь,отец
беречь,память
беречь,платье
беречь,любовь
беречь,ночь
беречь,тайна
беречь,минута
беречь,снаряд
беречь,мама